release_year,genre,games_count,avg_rating,total_rating_count,release_decade
1971, Adventure,1,,29,1970
1971, Strategy,1,,29,1970
1971,Simulator,1,,29,1970
1972, Arcade,1,,108,1970
1972, Sport,1,,108,1970
1972,Simulator,1,,108,1970
1976,Arcade,1,,42,1970
1977, Arcade,1,,28,1970
1977,Shooter,1,,28,1970
1978, Arcade,1,,151,1970
1978,Shooter,1,,151,1970
1979, Arcade,2,90.0,132,1970
1979,Shooter,2,90.0,132,1970
1980, Arcade,1,76.66666666666667,41,1980
1980,Adventure,1,,34,1980
1980,Arcade,1,78.66666666666667,241,1980
1980,Shooter,1,76.66666666666667,41,1980
1981, Arcade,4,72.5,407,1980
1981, Strategy,1,70.0,32,1980
1981,Platform,2,,256,1980
1981,Role-playing (RPG),1,,29,1980
1981,Shooter,3,71.66666666666667,183,1980
1982, Adventure,2,,122,1980
1982, Arcade,8,71.0,297,1980
1982, Platform,1,80.0,28,1980
1982, Puzzle,1,64.0,36,1980
1982, Racing,1,,29,1980
1982, Sport,1,60.0,37,1980
1982, Strategy,1,,35,1980
1982,Arcade,2,77.0,153,1980
1982,Fighting,1,80.0,28,1980
1982,Platform,4,64.0,225,1980
1982,Puzzle,2,80.0,64,1980
1982,Racing,1,60.0,37,1980
1982,Shooter,1,,29,1980
1982,Strategy,1,,36,1980
1983, Adventure,1,,31,1980
1983, Arcade,8,73.33333333333334,361,1980
1983, Platform,1,80.0,39,1980
1983, Puzzle,2,80.0,75,1980
1983, Racing,2,80.0,69,1980
1983, Strategy,1,,31,1980
1983,Adventure,1,53.33333333333334,35,1980
1983,Platform,7,80.0,324,1980
1983,Shooter,2,80.0,73,1980
1983,Sport,1,80.0,35,1980
1984, Adventure,1,,32,1980
1984, Arcade,13,57.61111111111112,845,1980
1984, Puzzle,2,80.0,65,1980
1984, Simulator,2,76.66666666666667,112,1980
1984, Sport,1,,151,1980
1984, Strategy,2,,53,1980
1984,Arcade,1,80.0,36,1980
1984,Fighting,1,20.0,31,1980
1984,Hack and slash/Beat 'em up,1,,49,1980
1984,Platform,2,80.0,80,1980
1984,Point-and-click,1,,32,1980
1984,Puzzle,2,,91,1980
1984,Racing,3,76.66666666666667,274,1980
1984,Shooter,5,54.5,369,1980
1984,Sport,1,,31,1980
1984,Strategy,1,60.0,27,1980
1985, Adventure,5,75.875,1421,1980
1985, Arcade,8,73.66666666666666,543,1980
1985, Platform,1,90.0,93,1980
1985, Puzzle,1,,79,1980
1985, Shooter,1,,79,1980
1985,Fighting,1,,79,1980
1985,Hack and slash/Beat 'em up,1,77.33333333333333,39,1980
1985,Platform,3,69.0,1374,1980
1985,Puzzle,1,70.0,27,1980
1985,Role-playing (RPG),1,,34,1980
1985,Shooter,5,81.5,244,1980
1985,Sport,2,90.0,56,1980
1985,Strategy,1,57.5,93,1980
1986, Adventure,10,60.0,924,1980
1986, Arcade,8,68.0,381,1980
1986, Hack and slash/Beat 'em up,2,,357,1980
1986, Platform,1,,56,1980
1986, Puzzle,3,80.0,169,1980
1986, Racing,1,,27,1980
1986, Strategy,1,80.0,116,1980
1986,Adventure,1,,639,1980
1986,Arcade,1,,101,1980
1986,Hack and slash/Beat 'em up,2,,72,1980
1986,Platform,7,70.0,905,1980
1986,Point-and-click,2,,53,1980
1986,Racing,1,,86,1980
1986,Shooter,4,62.0,136,1980
1986,Strategy,1,,27,1980
1987, Adventure,12,66.0,1445,1980
1987, Arcade,14,55.0,866,1980
1987, Hack and slash/Beat 'em up,3,64.5,207,1980
1987, Platform,1,50.0,252,1980
1987, Puzzle,2,,286,1980
1987, Role-playing (RPG),4,,438,1980
1987, Simulator,2,71.0,65,1980
1987, Sport,2,,121,1980
1987, Strategy,1,71.0,35,1980
1987, Tactical,1,,125,1980
1987,Fighting,4,64.5,361,1980
1987,Hack and slash/Beat 'em up,1,60.0,40,1980
1987,Platform,7,90.0,750,1980
1987,Point-and-click,2,90.0,171,1980
1987,Racing,3,,99,1980
1987,Role-playing (RPG),4,70.5,326,1980
1987,Shooter,5,50.0,496,1980
1987,Simulator,1,,27,1980
1987,Sport,2,90.0,69,1980
1988, Adventure,7,85.0,826,1980
1988, Arcade,7,71.66666666666667,428,1980
1988, Card & Board Game,1,,52,1980
1988, Hack and slash/Beat 'em up,3,45.0,297,1980
1988, Platform,5,71.66666666666667,218,1980
1988,Fighting,1,,74,1980
1988,Hack and slash/Beat 'em up,1,50.0,24,1980
1988,Platform,5,45.0,2246,1980
1988,Point-and-click,2,,65,1980
1988,Role-playing (RPG),1,40.0,54,1980
1988,Shooter,6,71.66666666666667,248,1980
1988,Sport,1,,26,1980
1988,Strategy,1,,52,1980
1989, Adventure,9,56.16666666666666,1029,1980
1989, Arcade,7,55.0,1439,1980
1989, Hack and slash/Beat 'em up,5,53.75,326,1980
1989, Platform,2,,80,1980
1989, Puzzle,4,,394,1980
1989, Racing,1,,38,1980
1989, Role-playing (RPG),1,,42,1980
1989, Simulator,2,,70,1980
1989, Strategy,5,68.125,266,1980
1989,Fighting,2,45.0,216,1980
1989,Hack and slash/Beat 'em up,1,65.0,195,1980
1989,Platform,12,64.83333333333333,1316,1980
1989,Point-and-click,1,,62,1980
1989,Puzzle,3,77.5,1066,1980
1989,Racing,1,,26,1980
1989,Real Time Strategy (RTS),1,,42,1980
1989,Shooter,2,,80,1980
1989,Simulator,1,58.75,122,1980
1990, Adventure,13,80.25,2905,1990
1990, Arcade,5,,175,1990
1990, Hack and slash/Beat 'em up,5,71.0,269,1990
1990, Puzzle,3,80.0,567,1990
1990, Role-playing (RPG),2,70.5,71,1990
1990, Simulator,3,,180,1990
1990, Sport,2,,68,1990
1990, Strategy,4,,369,1990
1990, Tactical,1,,90,1990
1990,Card & Board Game,1,,54,1990
1990,Fighting,1,71.0,45,1990
1990,Platform,13,75.0,2530,1990
1990,Point-and-click,3,80.0,567,1990
1990,Puzzle,3,,305,1990
1990,Racing,2,80.0,188,1990
1990,Role-playing (RPG),2,,59,1990
1990,Shooter,4,,189,1990
1990,Simulator,1,,37,1990
1990,Sport,2,,60,1990
1991, Adventure,17,82.5,3024,1990
1991, Arcade,8,57.5,692,1990
1991, Hack and slash/Beat 'em up,8,,404,1990
1991, Platform,6,60.0,368,1990
1991, Puzzle,2,,699,1990
1991, Racing,1,65.0,62,1990
1991, Role-playing (RPG),2,,71,1990
1991, Turn-based strategy (TBS),1,,184,1990
1991,Fighting,8,65.0,658,1990
1991,Hack and slash/Beat 'em up,3,57.5,291,1990
1991,Platform,17,76.25,1531,1990
1991,Point-and-click,1,,510,1990
1991,Puzzle,3,83.8,1618,1990
1991,Racing,1,60.0,66,1990
1991,Real Time Strategy (RTS),1,,38,1990
1991,Role-playing (RPG),5,80.0,376,1990
1991,Shooter,5,60.0,363,1990
1991,Strategy,1,,184,1990
1992, Adventure,22,58.66666666666666,1400,1990
1992, Arcade,8,67.0,559,1990
1992, Hack and slash/Beat 'em up,1,,30,1990
1992, Platform,3,,96,1990
1992, Puzzle,6,,640,1990
1992, Racing,1,,36,1990
1992, Role-playing (RPG),2,,70,1990
1992, Shooter,1,,26,1990
1992, Simulator,1,,58,1990
1992, Sport,1,,27,1990
1992, Strategy,4,,240,1990
1992, Turn-based strategy (TBS),1,,40,1990
1992, Visual Novel,1,,26,1990
1992,Adventure,2,52.5,128,1990
1992,Fighting,6,83.33333333333333,433,1990
1992,Hack and slash/Beat 'em up,3,60.0,365,1990
1992,Music,1,,58,1990
1992,Platform,15,62.5,1404,1990
1992,Point-and-click,4,,459,1990
1992,Puzzle,4,60.0,179,1990
1992,Racing,2,90.0,431,1990
1992,Real Time Strategy (RTS),2,,146,1990
1992,Role-playing (RPG),6,70.0,281,1990
1992,Shooter,9,68.5,651,1990
1993, Adventure,19,58.48333333333333,1943,1990
1993, Arcade,9,70.0,833,1990
1993, Hack and slash/Beat 'em up,8,50.0,399,1990
1993, Indie,1,54.75,156,1990
1993, Pinball,1,,64,1990
1993, Platform,6,72.5,476,1990
1993, Puzzle,6,68.70833333333334,538,1990
1993, Racing,1,80.0,66,1990
1993, Role-playing (RPG),1,,28,1990
1993, Shooter,1,40.0,25,1990
1993, Simulator,1,,44,1990
1993, Sport,3,80.0,127,1990
1993, Strategy,8,62.875,639,1990
1993, Tactical,1,68.75,55,1990
1993, Turn-based strategy (TBS),2,84.33333333333333,91,1990
1993,Adventure,1,80.0,203,1990
1993,Fighting,10,65.75,726,1990
1993,Hack and slash/Beat 'em up,1,,44,1990
1993,Platform,22,67.06666666666666,1739,1990
1993,Point-and-click,7,59.13888888888889,841,1990
1993,Puzzle,5,80.0,253,1990
1993,Racing,1,80.0,26,1990
1993,Role-playing (RPG),5,,364,1990
1993,Shooter,11,73.75,1717,1990
1993,Simulator,1,71.0,180,1990
1993,Sport,2,69.0,108,1990
1993,Strategy,2,76.54166666666666,102,1990
1994, Adventure,21,83.375,3619,1990
1994, Arcade,10,79.75,372,1990
1994, Hack and slash/Beat 'em up,5,50.0,211,1990
1994, Indie,1,,95,1990
1994, Platform,6,87.5,1367,1990
1994, Puzzle,6,84.77777777777777,916,1990
1994, Role-playing (RPG),3,,139,1990
1994, Simulator,5,76.27777777777777,332,1990
1994, Sport,2,60.0,68,1990
1994, Strategy,5,78.0,362,1990
1994, Tactical,2,85.0,150,1990
1994, Turn-based strategy (TBS),4,89.16666666666666,670,1990
1994,Fighting,12,68.0,661,1990
1994,Platform,20,75.93333333333334,1974,1990
1994,Point-and-click,1,,95,1990
1994,Puzzle,2,70.0,65,1990
1994,Racing,5,58.833333333333336,200,1990
1994,Real Time Strategy (RTS),2,79.0,235,1990
1994,Role-playing (RPG),5,89.45833333333333,1275,1990
1994,Shooter,14,84.03333333333333,2204,1990
1994,Simulator,2,,83,1990
1994,Sport,4,83.0,140,1990
1994,Strategy,3,85.0,182,1990
1995, Adventure,22,76.6,2858,1990
1995, Arcade,9,72.0,460,1990
1995, Hack and slash/Beat 'em up,3,83.0,237,1990
1995, Platform,5,,376,1990
1995, Puzzle,9,59.75,569,1990
1995, Quiz/Trivia,1,,106,1990
1995, Racing,1,75.0,54,1990
1995, Role-playing (RPG),3,37.0,141,1990
1995, Shooter,1,75.0,54,1990
1995, Strategy,5,86.5,767,1990
1995, Tactical,2,92.0,76,1990
1995, Turn-based strategy (TBS),3,83.5,126,1990
1995,Fighting,10,69.5,864,1990
1995,Hack and slash/Beat 'em up,1,50.0,28,1990
1995,Pinball,1,,33,1990
1995,Platform,10,84.41666666666667,1488,1990
1995,Point-and-click,9,69.0,539,1990
1995,Puzzle,2,,150,1990
1995,Racing,2,72.75,67,1990
1995,Real Time Strategy (RTS),2,92.5,635,1990
1995,Role-playing (RPG),7,83.16666666666666,1444,1990
1995,Shooter,10,64.33333333333333,739,1990
1995,Simulator,1,,40,1990
1995,Sport,1,,40,1990
1995,Strategy,2,80.0,205,1990
1996, Adventure,22,78.75714285714285,4822,1990
1996, Arcade,7,73.875,549,1990
1996, Hack and slash/Beat 'em up,1,75.0,25,1990
1996, Platform,3,76.55,711,1990
1996, Puzzle,5,78.31111111111112,1106,1990
1996, Racing,2,74.0,110,1990
1996, Role-playing (RPG),1,75.0,25,1990
1996, Shooter,2,73.0,115,1990
1996, Simulator,3,,120,1990
1996, Sport,2,,105,1990
1996, Strategy,8,,1220,1990
1996, Turn-based strategy (TBS),6,78.75,1336,1990
1996,Fighting,8,69.7,417,1990
1996,Hack and slash/Beat 'em up,1,85.0,50,1990
1996,Music,1,67.66666666666667,82,1990
1996,Platform,7,74.91666666666667,2773,1990
1996,Point-and-click,6,75.0,422,1990
1996,Puzzle,3,82.0,434,1990
1996,Racing,6,75.75,731,1990
1996,Real Time Strategy (RTS),4,,488,1990
1996,Role-playing (RPG),11,83.5,2048,1990
1996,Shooter,10,74.06190476190476,1677,1990
1996,Strategy,2,82.5,220,1990
1997, Adventure,20,82.26190476190474,4481,1990
1997, Arcade,6,60.0,331,1990
1997, Hack and slash/Beat 'em up,3,,157,1990
1997, Indie,2,,138,1990
1997, Platform,5,,625,1990
1997, Puzzle,7,100.0,1092,1990
1997, Racing,1,80.0,431,1990
1997, Role-playing (RPG),3,92.33333333333331,743,1990
1997, Shooter,1,77.5,71,1990
1997, Simulator,6,70.83333333333333,725,1990
1997, Sport,2,40.0,63,1990
1997, Strategy,8,50.0,1383,1990
1997, Tactical,2,90.0,196,1990
1997, Turn-based strategy (TBS),3,85.0,2122,1990
1997,Adventure,2,,65,1990
1997,Fighting,11,77.5,1164,1990
1997,Platform,14,78.46666666666667,1997,1990
1997,Point-and-click,4,,573,1990
1997,Puzzle,1,90.0,32,1990
1997,Racing,7,55.83333333333333,817,1990
1997,Real Time Strategy (RTS),5,50.0,1073,1990
1997,Role-playing (RPG),8,70.66666666666667,2353,1990
1997,Shooter,17,81.75,2417,1990
1997,Sport,2,,128,1990
1998, Adventure,27,72.13636363636364,9628,1990
1998, Arcade,7,60.0,539,1990
1998, Card & Board Game,2,72.0,271,1990
1998, Hack and slash/Beat 'em up,1,,124,1990
1998, Indie,1,,83,1990
1998, Platform,4,,390,1990
1998, Puzzle,6,84.0,3218,1990
1998, Quiz/Trivia,1,78.0,318,1990
1998, Racing,1,,27,1990
1998, Role-playing (RPG),2,,765,1990
1998, Shooter,3,40.0,130,1990
1998, Simulator,5,,274,1990
1998, Sport,4,60.0,303,1990
1998, Strategy,12,100.0,2066,1990
1998, Tactical,4,,354,1990
1998, Turn-based strategy (TBS),3,80.0,1229,1990
1998,Adventure,2,,173,1990
1998,Card & Board Game,1,,29,1990
1998,Fighting,9,62.0,533,1990
1998,Platform,10,65.75,1697,1990
1998,Point-and-click,2,92.0,435,1990
1998,Puzzle,2,,919,1990
1998,Quiz/Trivia,1,72.0,157,1990
1998,Racing,7,60.0,656,1990
1998,Real Time Strategy (RTS),8,,1625,1990
1998,Role-playing (RPG),10,82.5,3132,1990
1998,Shooter,15,61.3,3854,1990
1998,Simulator,3,70.0,349,1990
1998,Sport,1,,32,1990
1998,Tactical,1,80.0,1442,1990
1999, Adventure,35,82.44444444444444,4376,1990
1999, Arcade,8,75.16666666666667,774,1990
1999, Card & Board Game,2,59.0,200,1990
1999, Hack and slash/Beat 'em up,2,82.25,160,1990
1999, Platform,6,77.75,1225,1990
1999, Puzzle,7,74.9,1122,1990
1999, Racing,4,80.0,603,1990
1999, Role-playing (RPG),6,76.66666666666667,780,1990
1999, Shooter,3,70.0,95,1990
1999, Simulator,12,82.8,928,1990
1999, Sport,1,,94,1990
1999, Strategy,20,83.33333333333333,3301,1990
1999, Tactical,8,73.66666666666667,386,1990
1999, Turn-based strategy (TBS),10,83.91666666666667,1853,1990
1999,Adventure,2,70.0,111,1990
1999,Fighting,12,79.0,971,1990
1999,Pinball,1,,94,1990
1999,Platform,14,74.3,1146,1990
1999,Point-and-click,1,90.0,175,1990
1999,Puzzle,3,76.0,957,1990
1999,Quiz/Trivia,1,,122,1990
1999,Racing,9,75.0,1465,1990
1999,Real Time Strategy (RTS),6,80.0,1356,1990
1999,Role-playing (RPG),21,86.17857142857143,2921,1990
1999,Shooter,28,80.04761904761905,3645,1990
1999,Simulator,7,86.1,739,1990
1999,Sport,4,71.0,340,1990
1999,Strategy,2,62.5,171,1990
2000, Adventure,31,75.02941176470588,3797,2000
2000, Arcade,3,78.66666666666666,241,2000
2000, Card & Board Game,1,,90,2000
2000, Hack and slash/Beat 'em up,6,90.0,1470,2000
2000, Indie,2,,75,2000
2000, Platform,6,72.86666666666666,458,2000
2000, Puzzle,11,71.25,788,2000
2000, Quiz/Trivia,1,,148,2000
2000, Racing,2,83.8,68,2000
2000, Real Time Strategy (RTS),1,,29,2000
2000, Role-playing (RPG),3,90.5,787,2000
2000, Simulator,8,87.93333333333334,661,2000
2000, Sport,5,83.8,256,2000
2000, Strategy,10,82.0,1163,2000
2000, Tactical,4,76.66666666666667,466,2000
2000, Turn-based strategy (TBS),7,80.83333333333334,1532,2000
2000,Adventure,3,90.0,811,2000
2000,Fighting,6,72.33333333333333,275,2000
2000,Hack and slash/Beat 'em up,2,52.5,298,2000
2000,Music,1,80.0,81,2000
2000,Platform,9,55.0,765,2000
2000,Point-and-click,2,90.0,157,2000
2000,Puzzle,3,83.8,237,2000
2000,Quiz/Trivia,1,,90,2000
2000,Racing,5,70.0,494,2000
2000,Real Time Strategy (RTS),5,90.0,605,2000
2000,Role-playing (RPG),20,83.35897435897436,4056,2000
2000,Shooter,25,74.34523809523809,3254,2000
2000,Simulator,2,72.5,618,2000
2000,Sport,5,86.66666666666667,596,2000
2000,Strategy,2,90.0,82,2000
2001, Adventure,36,80.78125,6935,2000
2001, Arcade,5,72.25,187,2000
2001, Hack and slash/Beat 'em up,5,81.77777777777777,553,2000
2001, Indie,3,80.77777777777777,298,2000
2001, Music,1,88.0,37,2000
2001, Platform,3,80.0,1341,2000
2001, Puzzle,11,73.73611111111111,1386,2000
2001, Racing,2,92.5,1410,2000
2001, Real Time Strategy (RTS),2,90.0,275,2000
2001, Role-playing (RPG),8,83.72222222222221,831,2000
2001, Simulator,10,86.3,2071,2000
2001, Sport,4,89.44444444444444,147,2000
2001, Strategy,21,79.40625,1732,2000
2001, Tactical,6,87.0,578,2000
2001, Turn-based strategy (TBS),4,100.0,422,2000
2001,Adventure,6,83.875,1324,2000
2001,Fighting,8,86.4,1283,2000
2001,Hack and slash/Beat 'em up,3,65.0,480,2000
2001,Platform,15,75.65972222222223,1758,2000
2001,Point-and-click,2,,111,2000
2001,Puzzle,6,85.66666666666666,1460,2000
2001,Racing,6,84.36666666666666,453,2000
2001,Real Time Strategy (RTS),9,80.0,868,2000
2001,Role-playing (RPG),14,83.66666666666666,2428,2000
2001,Shooter,25,79.95098039215686,5934,2000
2001,Simulator,9,82.19047619047619,641,2000
2001,Sport,2,88.5,323,2000
2001,Strategy,1,80.0,133,2000
2002, Adventure,49,76.66527777777777,11869,2000
2002, Arcade,3,76.0,2621,2000
2002, Hack and slash/Beat 'em up,1,81.0,47,2000
2002, Indie,2,90.5,199,2000
2002, Platform,6,76.55,1466,2000
2002, Puzzle,8,75.95,1519,2000
2002, Racing,4,78.60416666666666,3789,2000
2002, Role-playing (RPG),6,75.83333333333333,1176,2000
2002, Shooter,1,62.66666666666666,1216,2000
2002, Simulator,5,70.0,461,2000
2002, Sport,3,84.41666666666667,129,2000
2002, Strategy,16,79.08974358974359,3150,2000
2002, Tactical,7,81.48148148148148,963,2000
2002, Turn-based strategy (TBS),5,82.0,868,2000
2002, Visual Novel,1,,28,2000
2002,Adventure,4,62.25,149,2000
2002,Card & Board Game,1,50.0,93,2000
2002,Fighting,5,78.16666666666666,1597,2000
2002,Hack and slash/Beat 'em up,3,71.0,284,2000
2002,Music,1,77.75,52,2000
2002,Platform,16,77.96969696969697,1547,2000
2002,Point-and-click,3,78.6,350,2000
2002,Puzzle,4,84.375,1235,2000
2002,Racing,3,82.83333333333333,343,2000
2002,Real Time Strategy (RTS),8,79.73333333333333,2248,2000
2002,Role-playing (RPG),24,79.77222222222221,3427,2000
2002,Shooter,30,75.49588477366255,7011,2000
2002,Simulator,1,92.0,35,2000
2002,Sport,4,63.25,262,2000
2002,Strategy,1,,52,2000
2003, Adventure,51,73.7489417989418,7070,2000
2003, Arcade,8,69.875,334,2000
2003, Card & Board Game,2,70.0,53,2000
2003, Hack and slash/Beat 'em up,9,72.44999999999999,464,2000
2003, Indie,4,64.625,374,2000
2003, Platform,4,76.66666666666667,482,2000
2003, Puzzle,6,75.60444444444445,1317,2000
2003, Quiz/Trivia,2,86.375,204,2000
2003, Racing,4,68.75833333333333,456,2000
2003, Role-playing (RPG),8,77.53333333333333,747,2000
2003, Shooter,2,65.08333333333334,223,2000
2003, Simulator,7,76.59523809523809,403,2000
2003, Sport,5,83.65,368,2000
2003, Strategy,23,81.90625,2264,2000
2003, Tactical,10,80.23148148148148,855,2000
2003, Turn-based strategy (TBS),7,83.9,463,2000
2003,Adventure,5,68.56,180,2000
2003,Arcade,1,91.0,78,2000
2003,Card & Board Game,1,50.0,72,2000
2003,Fighting,7,65.5952380952381,429,2000
2003,Hack and slash/Beat 'em up,5,61.15,579,2000
2003,Pinball,1,75.0,39,2000
2003,Platform,13,73.90462962962964,1813,2000
2003,Point-and-click,3,70.0,202,2000
2003,Puzzle,4,78.08333333333333,531,2000
2003,Racing,10,82.75,1602,2000
2003,Real Time Strategy (RTS),8,84.2,1242,2000
2003,Role-playing (RPG),26,80.01388888888889,2864,2000
2003,Shooter,29,70.82124542124542,4393,2000
2003,Simulator,5,80.3125,355,2000
2003,Sport,5,81.9,239,2000
2003,Strategy,5,78.125,372,2000
2003,Tactical,1,60.0,33,2000
2003,Visual Novel,1,,77,2000
2004, Adventure,50,78.71190476190476,12167,2000
2004, Arcade,3,68.75,136,2000
2004, Card & Board Game,2,40.0,81,2000
2004, Hack and slash/Beat 'em up,4,65.2,600,2000
2004, Indie,5,83.0,605,2000
2004, Platform,9,80.42857142857143,1084,2000
2004, Puzzle,9,83.11904761904762,881,2000
2004, Racing,2,72.07142857142857,3265,2000
2004, Real Time Strategy (RTS),1,82.5,31,2000
2004, Role-playing (RPG),4,82.29166666666667,677,2000
2004, Simulator,10,80.95833333333334,1440,2000
2004, Sport,4,77.43333333333334,176,2000
2004, Strategy,18,79.67708333333333,2597,2000
2004, Tactical,5,81.17142857142858,1736,2000
2004, Turn-based strategy (TBS),13,77.45454545454545,2441,2000
2004, Visual Novel,2,,83,2000
2004,Adventure,8,78.71666666666667,671,2000
2004,Arcade,1,70.0,80,2000
2004,Fighting,7,80.96666666666667,623,2000
2004,Hack and slash/Beat 'em up,3,74.94444444444444,344,2000
2004,Music,1,85.0,25,2000
2004,Platform,14,71.36515151515151,1485,2000
2004,Point-and-click,3,79.45833333333334,244,2000
2004,Puzzle,6,70.56666666666666,620,2000
2004,Racing,6,79.69444444444444,1315,2000
2004,Real Time Strategy (RTS),7,87.59523809523809,932,2000
2004,Role-playing (RPG),24,78.24603174603175,5326,2000
2004,Shooter,41,79.39357088989442,12689,2000
2004,Simulator,6,69.3125,584,2000
2004,Sport,3,81.25,274,2000
2004,Strategy,3,56.25,124,2000
2005, Adventure,55,76.01326530612245,9339,2000
2005, Arcade,4,82.33333333333333,158,2000
2005, Card & Board Game,1,30.0,59,2000
2005, Hack and slash/Beat 'em up,11,77.25454545454545,2109,2000
2005, Indie,4,69.16666666666666,290,2000
2005, Platform,5,65.58333333333333,293,2000
2005, Puzzle,12,79.19696969696969,2507,2000
2005, Quiz/Trivia,1,80.0,26,2000
2005, Racing,2,62.66666666666666,100,2000
2005, Role-playing (RPG),6,76.83333333333333,466,2000
2005, Shooter,2,72.8,186,2000
2005, Simulator,10,77.48333333333333,831,2000
2005, Sport,4,80.85416666666667,160,2000
2005, Strategy,21,79.0625,1853,2000
2005, Tactical,11,82.17012987012987,1373,2000
2005, Turn-based strategy (TBS),7,82.13333333333334,652,2000
2005, Visual Novel,1,80.0,286,2000
2005,Adventure,9,71.13392857142857,863,2000
2005,Fighting,13,75.07435897435897,776,2000
2005,Hack and slash/Beat 'em up,7,70.16666666666666,399,2000
2005,Music,1,89.0,98,2000
2005,Platform,14,77.57738095238095,2637,2000
2005,Point-and-click,3,74.16666666666666,427,2000
2005,Puzzle,9,74.9074074074074,1274,2000
2005,Racing,10,82.21642857142857,1650,2000
2005,Real Time Strategy (RTS),6,72.7361111111111,627,2000
2005,Role-playing (RPG),20,72.03333333333333,1895,2000
2005,Shooter,45,74.78718820861678,7293,2000
2005,Simulator,5,85.43333333333334,590,2000
2005,Sport,5,71.65454545454546,343,2000
2005,Strategy,1,60.0,47,2000
2005,Tactical,1,63.33333333333334,27,2000
2006, Adventure,58,75.09788614163614,7569,2000
2006, Arcade,4,78.65,475,2000
2006, Hack and slash/Beat 'em up,5,78.55,414,2000
2006, Indie,3,71.66666666666667,124,2000
2006, Platform,5,71.05000000000001,490,2000
2006, Puzzle,6,71.5,433,2000
2006, Racing,4,68.70833333333333,342,2000
2006, Real Time Strategy (RTS),1,84.5,78,2000
2006, Role-playing (RPG),12,75.26212121212122,1654,2000
2006, Simulator,13,75.90972222222221,1341,2000
2006, Sport,13,74.20897435897436,1146,2000
2006, Strategy,27,76.6,1887,2000
2006, Tactical,4,86.9375,586,2000
2006, Turn-based strategy (TBS),10,75.44791666666667,1373,2000
2006, Visual Novel,4,84.5,488,2000
2006,Adventure,1,91.75,278,2000
2006,Fighting,9,75.76851851851852,680,2000
2006,Hack and slash/Beat 'em up,3,69.84166666666667,271,2000
2006,Music,2,87.46666666666667,187,2000
2006,Platform,12,73.39999999999999,1219,2000
2006,Point-and-click,6,69.875,504,2000
2006,Puzzle,8,77.85625,1255,2000
2006,Racing,12,75.12987012987013,1275,2000
2006,Real Time Strategy (RTS),11,79.63636363636364,1017,2000
2006,Role-playing (RPG),27,76.22187715665977,3985,2000
2006,Shooter,33,75.81197916666666,4514,2000
2006,Simulator,10,72.93148148148148,707,2000
2006,Sport,5,72.58,269,2000
2007, Adventure,49,76.40561594202899,11942,2000
2007, Arcade,5,80.96666666666667,228,2000
2007, Card & Board Game,3,60.888888888888886,250,2000
2007, Hack and slash/Beat 'em up,8,64.51587301587301,1267,2000
2007, Indie,6,75.0,424,2000
2007, Platform,9,78.35416666666667,5005,2000
2007, Puzzle,11,79.675,8099,2000
2007, Quiz/Trivia,1,80.0,58,2000
2007, Real Time Strategy (RTS),2,74.16666666666666,80,2000
2007, Role-playing (RPG),12,77.3280303030303,6013,2000
2007, Shooter,1,85.0,84,2000
2007, Simulator,15,78.6624149659864,3036,2000
2007, Sport,9,76.73148148148148,715,2000
2007, Strategy,23,76.10606060606061,1395,2000
2007, Tactical,8,79.48611111111111,386,2000
2007, Turn-based strategy (TBS),9,73.5,394,2000
2007, Visual Novel,5,83.67999999999999,563,2000
2007,Adventure,6,63.8125,378,2000
2007,Fighting,7,69.87037037037037,618,2000
2007,Hack and slash/Beat 'em up,5,76.36,276,2000
2007,Music,5,80.25,686,2000
2007,Platform,16,73.05381944444444,4706,2000
2007,Point-and-click,7,76.52037037037037,553,2000
2007,Puzzle,6,74.4861111111111,623,2000
2007,Quiz/Trivia,1,,28,2000
2007,Racing,8,79.15625,518,2000
2007,Real Time Strategy (RTS),7,80.25,444,2000
2007,Role-playing (RPG),27,78.68589743589743,2572,2000
2007,Shooter,39,75.40016534391535,16709,2000
2007,Simulator,8,79.08333333333333,419,2000
2007,Sport,2,70.25,124,2000
2007,Strategy,1,85.0,31,2000
2007,Turn-based strategy (TBS),1,55.0,38,2000
2008, Adventure,62,73.74348659003832,10919,2000
2008, Arcade,8,75.62006802721089,587,2000
2008, Card & Board Game,1,63.33333333333334,24,2000
2008, Hack and slash/Beat 'em up,10,74.42222222222222,1394,2000
2008, Indie,17,79.40833333333333,1782,2000
2008, Platform,9,75.78968253968254,1916,2000
2008, Puzzle,13,80.16840659340659,2605,2000
2008, Quiz/Trivia,2,90.04166666666666,297,2000
2008, Racing,4,84.15625,1909,2000
2008, Role-playing (RPG),11,77.1037037037037,2715,2000
2008, Simulator,12,81.0962962962963,1608,2000
2008, Sport,6,75.88888888888889,346,2000
2008, Strategy,17,81.9186274509804,2165,2000
2008, Tactical,7,85.28571428571429,1092,2000
2008, Turn-based strategy (TBS),9,78.32592592592593,758,2000
2008, Visual Novel,2,92.675,331,2000
2008,Adventure,3,73.08333333333333,239,2000
2008,Fighting,11,77.9417748917749,1258,2000
2008,Hack and slash/Beat 'em up,3,79.59523809523809,703,2000
2008,Music,6,78.36904761904762,451,2000
2008,Platform,20,77.9205357142857,2188,2000
2008,Point-and-click,3,79.36666666666666,148,2000
2008,Puzzle,11,75.62962962962962,1021,2000
2008,Racing,12,75.05,1673,2000
2008,Real Time Strategy (RTS),6,81.77777777777779,710,2000
2008,Role-playing (RPG),23,77.66275252525253,2528,2000
2008,Shooter,38,73.74401544401545,10238,2000
2008,Simulator,5,78.51166666666667,232,2000
2008,Sport,4,75.375,181,2000
2008,Strategy,3,69.33333333333333,77,2000
2009, Adventure,81,76.22793856936714,15214,2000
2009, Arcade,6,77.95142857142858,467,2000
2009, Card & Board Game,1,,34,2000
2009, Hack and slash/Beat 'em up,12,77.26458333333333,1617,2000
2009, Indie,12,76.28835978835978,1190,2000
2009, MOBA,1,84.0,824,2000
2009, Platform,7,84.52480158730158,2510,2000
2009, Puzzle,20,80.80158730158729,1655,2000
2009, Quiz/Trivia,1,76.75,112,2000
2009, Racing,6,79.94444444444444,736,2000
2009, Real Time Strategy (RTS),2,82.44444444444444,745,2000
2009, Role-playing (RPG),16,81.43928571428572,2457,2000
2009, Shooter,1,80.0,49,2000
2009, Simulator,15,75.38666666666667,2231,2000
2009, Sport,11,83.43939393939394,692,2000
2009, Strategy,26,73.79488888888889,3581,2000
2009, Tactical,8,68.02698412698412,1027,2000
2009, Turn-based strategy (TBS),7,75.09722222222221,943,2000
2009, Visual Novel,7,86.06984126984126,724,2000
2009,Adventure,7,71.65306122448979,688,2000
2009,Fighting,5,75.66,176,2000
2009,Hack and slash/Beat 'em up,10,70.275,2752,2000
2009,Music,7,77.5843537414966,441,2000
2009,Platform,15,79.64549319727891,4017,2000
2009,Point-and-click,13,77.9,1178,2000
2009,Puzzle,8,76.12777777777778,1080,2000
2009,Racing,6,81.42777777777778,527,2000
2009,Real Time Strategy (RTS),7,74.33333333333334,627,2000
2009,Role-playing (RPG),34,75.84262385762386,5649,2000
2009,Shooter,58,75.09969336219336,10952,2000
2009,Simulator,6,75.16111111111111,430,2000
2009,Sport,3,79.5138888888889,159,2000
2009,Strategy,3,86.25,85,2000
2010, Adventure,83,77.93577863577863,20908,2010
2010, Arcade,11,81.54851190476191,659,2010
2010, Card & Board Game,2,,67,2010
2010, Hack and slash/Beat 'em up,11,77.15583333333333,1391,2010
2010, Indie,16,77.06731601731602,3312,2010
2010, MOBA,1,71.0,33,2010
2010, Music,1,,40,2010
2010, Platform,4,79.18303571428572,246,2010
2010, Puzzle,15,79.16329365079365,3574,2010
2010, Racing,5,69.90625,1576,2010
2010, Role-playing (RPG),22,78.54219576719578,9162,2010
2010, Simulator,19,70.3111111111111,1982,2010
2010, Sport,9,80.85925925925926,678,2010
2010, Strategy,30,76.844,4512,2010
2010, Tactical,8,73.33888888888889,654,2010
2010, Turn-based strategy (TBS),6,83.58666666666667,1772,2010
2010, Visual Novel,2,83.66666666666666,339,2010
2010,Adventure,3,82.625,1012,2010
2010,Arcade,1,83.33333333333333,93,2010
2010,Fighting,9,76.74814814814815,393,2010
2010,Hack and slash/Beat 'em up,9,80.34717261904763,1855,2010
2010,Music,4,80.52380952380952,146,2010
2010,Platform,22,80.54766081871345,4532,2010
2010,Point-and-click,7,73.44761904761904,603,2010
2010,Puzzle,10,75.30833333333334,2376,2010
2010,Quiz/Trivia,1,70.0,43,2010
2010,Racing,8,79.98601190476191,897,2010
2010,Real Time Strategy (RTS),8,75.21666666666667,1243,2010
2010,Role-playing (RPG),26,74.33522727272727,2815,2010
2010,Shooter,59,77.05753190164955,16532,2010
2010,Simulator,6,77.96111111111111,1326,2010
2010,Sport,5,79.1625,256,2010
2011, Adventure,81,78.18372179518013,27718,2010
2011, Arcade,7,72.21558441558442,476,2010
2011, Card & Board Game,1,,47,2010
2011, Hack and slash/Beat 'em up,12,73.19361471861471,1427,2010
2011, Indie,34,75.55678571428571,3828,2010
2011, Music,1,70.0,30,2010
2011, Platform,4,86.92361111111111,5158,2010
2011, Puzzle,23,77.79491028295377,6944,2010
2011, Quiz/Trivia,1,72.4,258,2010
2011, Racing,2,82.65,896,2010
2011, Real Time Strategy (RTS),1,70.0,103,2010
2011, Role-playing (RPG),22,77.20572871572872,4302,2010
2011, Shooter,1,63.33333333333334,26,2010
2011, Simulator,15,77.74538794538795,1810,2010
2011, Sport,10,79.85229437229438,660,2010
2011, Strategy,28,77.39864267676768,2641,2010
2011, Tactical,8,83.22809829059828,1405,2010
2011, Turn-based strategy (TBS),5,81.16666666666667,372,2010
2011, Visual Novel,5,79.14999999999999,178,2010
2011,Adventure,3,80.85714285714286,1136,2010
2011,Fighting,10,75.95868347338936,841,2010
2011,Hack and slash/Beat 'em up,3,81.44166666666666,2289,2010
2011,Indie,1,90.0,34,2010
2011,Music,2,76.5,51,2010
2011,Platform,27,77.40467032967032,3805,2010
2011,Point-and-click,9,72.83285714285714,780,2010
2011,Puzzle,9,79.38125,930,2010
2011,Racing,10,78.71603174603175,1113,2010
2011,Real Time Strategy (RTS),8,78.5409090909091,716,2010
2011,Role-playing (RPG),24,77.68850846123574,8741,2010
2011,Shooter,49,76.9871460610097,14600,2010
2011,Simulator,9,79.98024891774892,2239,2010
2011,Sport,3,68.5,91,2010
2011,Strategy,4,77.66666666666667,1012,2010
2012, Adventure,102,77.14209321021615,20460,2010
2012, Arcade,20,71.51960784313725,2138,2010
2012, Card & Board Game,2,76.83333333333334,76,2010
2012, Hack and slash/Beat 'em up,16,76.31898327367077,3185,2010
2012, Indie,51,76.42820207570207,5994,2010
2012, MOBA,1,72.5,65,2010
2012, Music,1,55.0,18,2010
2012, Platform,5,76.6373015873016,306,2010
2012, Puzzle,28,77.19953854016354,2531,2010
2012, Quiz/Trivia,2,73.66666666666667,165,2010
2012, Racing,3,80.83333333333333,153,2010
2012, Real Time Strategy (RTS),1,85.0,28,2010
2012, Role-playing (RPG),22,77.2063783846872,6243,2010
2012, Simulator,18,78.51708829365079,2028,2010
2012, Sport,10,78.8711111111111,672,2010
2012, Strategy,36,76.59159338924964,3211,2010
2012, Tactical,15,73.7261544011544,3001,2010
2012, Turn-based strategy (TBS),10,78.75228475228475,1086,2010
2012, Visual Novel,7,79.83055555555556,1035,2010
2012,Adventure,7,77.06584967320262,1680,2010
2012,Fighting,14,67.45387667887668,794,2010
2012,Hack and slash/Beat 'em up,8,74.02824675324675,481,2010
2012,Music,4,81.09722222222223,207,2010
2012,Platform,27,77.9208183020683,3709,2010
2012,Point-and-click,15,77.43740573152338,2925,2010
2012,Puzzle,21,73.44253472222222,2624,2010
2012,Racing,11,79.10562865497076,1172,2010
2012,Real Time Strategy (RTS),2,80.0,268,2010
2012,Role-playing (RPG),40,79.1045941762541,5826,2010
2012,Shooter,53,74.423145792811,15158,2010
2012,Simulator,9,80.20714285714287,1188,2010
2012,Sport,4,75.8974358974359,116,2010
2012,Strategy,4,72.91666666666667,269,2010
2013, Adventure,127,77.53970724910204,31839,2010
2013, Arcade,20,75.26051136363637,1467,2010
2013, Card & Board Game,2,78.125,305,2010
2013, Hack and slash/Beat 'em up,19,77.0877476618759,2568,2010
2013, Indie,66,76.55920324801903,7910,2010
2013, MOBA,1,90.5,640,2010
2013, Music,1,73.8,492,2010
2013, Platform,7,77.41738816738817,2507,2010
2013, Puzzle,36,77.73080189651618,6992,2010
2013, Racing,5,75.21630094043887,4891,2010
2013, Real Time Strategy (RTS),1,80.0,39,2010
2013, Role-playing (RPG),27,75.31519820049232,3318,2010
2013, Simulator,19,74.29812834224599,2098,2010
2013, Sport,11,76.04916626583294,578,2010
2013, Strategy,40,73.82683978272213,3487,2010
2013, Tactical,9,74.0499245852187,1394,2010
2013, Turn-based strategy (TBS),10,78.35003607503607,1217,2010
2013, Visual Novel,4,80.16190476190476,171,2010
2013,Adventure,11,75.10151515151514,2637,2010
2013,Arcade,1,,55,2010
2013,Fighting,11,75.62536075036074,766,2010
2013,Hack and slash/Beat 'em up,6,67.13262032085562,1314,2010
2013,Music,6,71.02626262626262,316,2010
2013,Platform,43,77.41303096128676,5552,2010
2013,Point-and-click,18,76.74578134284016,3784,2010
2013,Puzzle,20,81.1764490884073,3041,2010
2013,Racing,7,81.11750194250193,632,2010
2013,Real Time Strategy (RTS),8,77.49621212121212,1146,2010
2013,Role-playing (RPG),29,77.56386738261739,2789,2010
2013,Shooter,57,73.2814372020318,20362,2010
2013,Simulator,8,73.3171114599686,706,2010
2013,Sport,2,80.69642857142857,298,2010
2013,Strategy,5,84.91461038961039,1056,2010
2014, Adventure,125,75.87950223432632,24328,2010
2014, Arcade,20,76.05385588096115,2137,2010
2014, Card & Board Game,2,74.11111111111111,660,2010
2014, Hack and slash/Beat 'em up,15,73.38752035002035,2618,2010
2014, Indie,84,75.45494341706748,7649,2010
2014, MOBA,1,78.0,172,2010
2014, Platform,13,82.13453364817002,1823,2010
2014, Puzzle,24,79.42526151242903,3087,2010
2014, Quiz/Trivia,2,73.58333333333334,62,2010
2014, Racing,3,77.51010101010101,333,2010
2014, Real Time Strategy (RTS),2,81.97222222222223,82,2010
2014, Role-playing (RPG),24,77.76504282733828,3804,2010
2014, Shooter,1,77.5,48,2010
2014, Simulator,25,74.12032406096577,2342,2010
2014, Sport,16,74.39488705738705,713,2010
2014, Strategy,48,77.49669618117146,5642,2010
2014, Tactical,11,78.68074456975772,2734,2010
2014, Turn-based strategy (TBS),16,79.81583017676768,2237,2010
2014, Visual Novel,4,82.41071428571428,249,2010
2014,Adventure,9,72.61836409204831,1159,2010
2014,Arcade,1,80.0,42,2010
2014,Fighting,14,72.36978200371058,1309,2010
2014,Hack and slash/Beat 'em up,3,67.01507936507937,344,2010
2014,Music,3,70.51587301587301,77,2010
2014,Platform,27,76.897614780029,2793,2010
2014,Point-and-click,15,77.29969709777403,1551,2010
2014,Puzzle,23,73.78608555187502,2365,2010
2014,Racing,9,76.3719625962273,1159,2010
2014,Real Time Strategy (RTS),4,69.90833333333333,270,2010
2014,Role-playing (RPG),46,77.12291749256035,9452,2010
2014,Shooter,48,77.42255607647304,11720,2010
2014,Simulator,15,68.91526251526251,1215,2010
2014,Sport,2,78.85833333333333,274,2010
2014,Strategy,3,84.46296296296298,777,2010
2015, Adventure,141,77.32104277671462,25223,2010
2015, Arcade,25,74.95550647136325,1561,2010
2015, Card & Board Game,8,76.50873015873016,383,2010
2015, Hack and slash/Beat 'em up,15,75.12897671529251,1079,2010
2015, Indie,100,75.50349498411472,11135,2010
2015, Music,1,78.33333333333333,34,2010
2015, Platform,12,75.77746031746031,1238,2010
2015, Puzzle,30,74.76781829281829,2699,2010
2015, Quiz/Trivia,4,79.36011904761905,125,2010
2015, Racing,2,79.42857142857143,500,2010
2015, Real Time Strategy (RTS),1,82.4,63,2010
2015, Role-playing (RPG),24,79.40118341037459,6705,2010
2015, Simulator,36,76.21584634127886,2949,2010
2015, Sport,10,79.00391823862412,1500,2010
2015, Strategy,55,75.66460646271966,4136,2010
2015, Tactical,20,75.23515847033852,2283,2010
2015, Turn-based strategy (TBS),23,79.10210186638759,2552,2010
2015, Visual Novel,8,78.75378787878788,453,2010
2015,Adventure,15,76.62783707520549,2456,2010
2015,Fighting,13,74.94460135138868,1129,2010
2015,Hack and slash/Beat 'em up,7,79.42412131519275,1631,2010
2015,MOBA,1,78.88888888888889,274,2010
2015,Music,7,80.50783475783476,315,2010
2015,Platform,20,77.70172158088825,2566,2010
2015,Point-and-click,20,73.04593191574324,1226,2010
2015,Puzzle,28,76.40734974484974,4809,2010
2015,Quiz/Trivia,1,65.78571428571429,44,2010
2015,Racing,7,77.20523594053006,1552,2010
2015,Real Time Strategy (RTS),8,77.37142857142858,636,2010
2015,Role-playing (RPG),58,79.04701098550572,10028,2010
2015,Shooter,49,75.84987120002205,10275,2010
2015,Simulator,15,76.68603315876042,1576,2010
2015,Sport,6,84.06463675213675,386,2010
2015,Strategy,2,85.6,125,2010
2016, Adventure,171,76.22020830109524,27067,2010
2016, Arcade,19,74.36135469438972,1592,2010
2016, Card & Board Game,9,70.69642857142857,477,2010
2016, Hack and slash/Beat 'em up,20,76.22761296861327,1983,2010
2016, Indie,104,76.46602136651936,12695,2010
2016, MOBA,1,,30,2010
2016, Music,2,91.5,50,2010
2016, Platform,7,69.2575807090513,591,2010
2016, Puzzle,33,78.1537542472112,6093,2010
2016, Quiz/Trivia,3,77.5,170,2010
2016, Racing,4,57.9694799658994,531,2010
2016, Real Time Strategy (RTS),1,73.0625,31,2010
2016, Role-playing (RPG),39,76.34589417117081,4318,2010
2016, Shooter,2,67.0,80,2010
2016, Simulator,30,77.3435097440979,4790,2010
2016, Sport,10,74.1707630454341,550,2010
2016, Strategy,50,77.27172067077885,7330,2010
2016, Tactical,11,81.67673321782517,2530,2010
2016, Turn-based strategy (TBS),16,82.43410076424372,2946,2010
2016, Visual Novel,8,76.17667885335952,796,2010
2016,Adventure,8,70.34333778966132,1353,2010
2016,Fighting,15,72.82388836101242,1028,2010
2016,Hack and slash/Beat 'em up,3,72.21130952380952,62,2010
2016,MOBA,1,,28,2010
2016,Music,2,77.22077922077922,109,2010
2016,Platform,35,76.13794525465323,4459,2010
2016,Point-and-click,17,74.9897088291825,1410,2010
2016,Puzzle,28,75.34263144036429,2192,2010
2016,Racing,6,74.61048951048951,395,2010
2016,Real Time Strategy (RTS),9,81.77435359025033,861,2010
2016,Role-playing (RPG),53,78.80917310118885,10044,2010
2016,Shooter,58,75.33636467433384,14089,2010
2016,Simulator,25,75.2536763482747,2423,2010
2016,Sport,4,82.87095803233575,313,2010
2016,Strategy,8,72.19232804232804,540,2010
2017, Adventure,152,77.6716781838308,26397,2010
2017, Arcade,16,76.83806678921569,1641,2010
2017, Card & Board Game,3,78.53030303030303,88,2010
2017, Hack and slash/Beat 'em up,19,75.98625197718948,2120,2010
2017, Indie,106,76.62144196493621,11507,2010
2017, MOBA,1,80.0,83,2010
2017, Music,1,75.0,36,2010
2017, Platform,7,79.35882352941177,1038,2010
2017, Puzzle,25,76.29529698079699,3644,2010
2017, Quiz/Trivia,1,76.0,33,2010
2017, Racing,1,65.0,39,2010
2017, Real Time Strategy (RTS),1,80.0,83,2010
2017, Role-playing (RPG),33,74.91799218349837,8594,2010
2017, Shooter,2,82.5,129,2010
2017, Simulator,40,74.21695871468599,2986,2010
2017, Sport,11,75.73402582266219,664,2010
2017, Strategy,46,76.51745051001629,4365,2010
2017, Tactical,12,66.93004016775947,995,2010
2017, Turn-based strategy (TBS),12,81.12281815406816,896,2010
2017, Visual Novel,8,83.68026418026419,952,2010
2017,Adventure,10,78.02590504107047,1433,2010
2017,Arcade,1,53.66666666666666,29,2010
2017,Fighting,14,75.77717098706404,1044,2010
2017,Hack and slash/Beat 'em up,1,84.27272727272727,922,2010
2017,Indie,1,60.875,75,2010
2017,Music,1,88.66666666666667,46,2010
2017,Platform,29,78.52008298734735,6028,2010
2017,Point-and-click,15,74.70147705235941,1110,2010
2017,Puzzle,31,77.26091575856614,4736,2010
2017,Quiz/Trivia,2,68.375,43,2010
2017,Racing,14,76.91264232965914,1165,2010
2017,Real Time Strategy (RTS),6,80.38985247208932,237,2010
2017,Role-playing (RPG),54,80.56002130055755,5973,2010
2017,Shooter,52,74.1864992312997,11222,2010
2017,Simulator,14,71.32698412698413,604,2010
2017,Sport,4,76.41875,303,2010
2017,Strategy,2,78.57142857142857,89,2010
2018, Adventure,139,77.06810153566818,21789,2010
2018, Arcade,15,78.38158205430933,888,2010
2018, Card & Board Game,6,82.95,482,2010
2018, Hack and slash/Beat 'em up,10,77.69188882105549,3252,2010
2018, Indie,94,77.55768502331003,9264,2010
2018, MOBA,1,0.0,66,2010
2018, Pinball,1,84.5,91,2010
2018, Platform,5,84.75833333333333,1033,2010
2018, Puzzle,23,79.40329643901073,2390,2010
2018, Quiz/Trivia,1,78.66666666666667,25,2010
2018, Racing,2,67.8,65,2010
2018, Real Time Strategy (RTS),2,77.55,104,2010
2018, Role-playing (RPG),25,73.23370214752568,4369,2010
2018, Shooter,1,,84,2010
2018, Simulator,27,73.96608946608946,2110,2010
2018, Sport,12,80.66726020892688,552,2010
2018, Strategy,37,76.00053195962286,2918,2010
2018, Tactical,11,76.80266955266956,1046,2010
2018, Turn-based strategy (TBS),13,80.82007575757576,929,2010
2018, Visual Novel,4,70.0,167,2010
2018,Adventure,10,77.8461260961261,1520,2010
2018,Arcade,1,76.55555555555556,25,2010
2018,Card & Board Game,1,72.9090909090909,137,2010
2018,Fighting,14,77.61452991452992,1503,2010
2018,Hack and slash/Beat 'em up,6,75.03659188034187,1725,2010
2018,Indie,4,66.25,143,2010
2018,Music,5,78.85333333333332,223,2010
2018,Platform,29,80.1012854429521,3962,2010
2018,Point-and-click,8,71.01388888888889,479,2010
2018,Puzzle,19,79.00367906946853,2861,2010
2018,Racing,11,75.3330044955045,809,2010
2018,Real Time Strategy (RTS),5,77.56666666666666,475,2010
2018,Role-playing (RPG),52,78.66495568050875,7667,2010
2018,Shooter,37,71.5523320786648,6276,2010
2018,Simulator,18,75.52009292790542,1496,2010
2018,Sport,4,78.60555555555555,315,2010
2018,Strategy,6,80.23333333333333,652,2010
2019, Adventure,134,76.403303053156,15807,2010
2019, Arcade,25,77.34991373360938,1578,2010
2019, Card & Board Game,6,66.875,643,2010
2019, Hack and slash/Beat 'em up,15,76.9327380952381,1008,2010
2019, Indie,97,77.72532170443935,7301,2010
2019, Pinball,1,73.75,22,2010
2019, Platform,3,70.56481481481482,290,2010
2019, Puzzle,19,77.55449735449736,1000,2010
2019, Racing,3,71.84545454545456,236,2010
2019, Role-playing (RPG),24,72.46606769189889,3270,2010
2019, Simulator,26,80.45821256038647,1995,2010
2019, Sport,15,78.21071428571429,862,2010
2019, Strategy,38,77.38163343390616,2785,2010
2019, Tactical,16,79.0629191321499,1560,2010
2019, Turn-based strategy (TBS),20,78.59305237246413,2084,2010
2019, Visual Novel,3,86.0,150,2010
2019,Adventure,18,77.40678488178489,3122,2010
2019,Fighting,11,72.83993506493508,711,2010
2019,Hack and slash/Beat 'em up,4,79.41450216450215,580,2010
2019,Music,3,82.76190476190476,268,2010
2019,Platform,25,81.7400230880231,1757,2010
2019,Point-and-click,10,74.21031746031746,423,2010
2019,Puzzle,22,79.58665910808767,1762,2010
2019,Quiz/Trivia,1,,38,2010
2019,Racing,10,75.27777777777777,610,2010
2019,Real Time Strategy (RTS),9,69.23095238095237,492,2010
2019,Role-playing (RPG),45,76.40566648451264,5089,2010
2019,Shooter,47,75.20080018928059,8222,2010
2019,Simulator,16,74.75524475524475,831,2010
2019,Sport,3,77.80952380952381,188,2010
2019,Strategy,6,84.80555555555556,319,2010
2020, Adventure,96,78.69027014652015,12153,2020
2020, Arcade,10,79.63055555555556,551,2020
2020, Card & Board Game,4,82.825,168,2020
2020, Hack and slash/Beat 'em up,11,78.59069402819404,2358,2020
2020, Indie,65,78.56378613945579,5529,2020
2020, MOBA,1,,34,2020
2020, Platform,9,78.79092261904762,816,2020
2020, Puzzle,11,79.87063492063491,515,2020
2020, Racing,3,74.3,495,2020
2020, Role-playing (RPG),12,79.721336996337,1517,2020
2020, Simulator,15,83.2273544973545,1079,2020
2020, Sport,12,80.01536304604487,941,2020
2020, Strategy,17,82.18725490196078,1130,2020
2020, Tactical,9,82.59280303030303,978,2020
2020, Turn-based strategy (TBS),8,83.68533775252526,558,2020
2020, Visual Novel,4,79.0,173,2020
2020,Adventure,10,77.10895691609979,545,2020
2020,Arcade,1,79.4,20,2020
2020,Fighting,7,80.52636054421768,321,2020
2020,Hack and slash/Beat 'em up,3,80.65595238095239,565,2020
2020,Music,2,82.8,80,2020
2020,Platform,18,79.1687908496732,1924,2020
2020,Point-and-click,5,79.09523809523809,195,2020
2020,Puzzle,13,79.44314574314575,865,2020
2020,Quiz/Trivia,1,,26,2020
2020,Racing,7,80.125,310,2020
2020,Real Time Strategy (RTS),4,77.09911616161617,173,2020
2020,Role-playing (RPG),35,80.3204290807232,4874,2020
2020,Shooter,41,77.7484714715484,6293,2020
2020,Simulator,14,80.39505633255634,1231,2020
2020,Strategy,4,81.63636363636364,180,2020
2021, Adventure,94,82.42848464874618,6993,2020
2021, Arcade,7,72.75383116883117,233,2020
2021, Card & Board Game,5,83.55357142857143,474,2020
2021, Hack and slash/Beat 'em up,12,78.4895568075715,544,2020
2021, Indie,60,81.77763122294373,3120,2020
2021, MOBA,1,75.0,64,2020
2021, Platform,2,87.0,255,2020
2021, Puzzle,11,85.15867216117216,1351,2020
2021, Racing,3,47.0,80,2020
2021, Role-playing (RPG),21,78.23043024227235,1074,2020
2021, Simulator,14,80.64102564102564,650,2020
2021, Sport,6,82.90079365079366,213,2020
2021, Strategy,15,82.77785714285714,930,2020
2021, Tactical,5,86.3125,257,2020
2021, Turn-based strategy (TBS),10,79.0345238095238,340,2020
2021, Visual Novel,5,84.0625,223,2020
2021,Adventure,12,78.72957162663045,762,2020
2021,Arcade,1,80.83333333333333,19,2020
2021,Card & Board Game,1,79.33333333333333,44,2020
2021,Fighting,8,76.9031746031746,258,2020
2021,Hack and slash/Beat 'em up,1,69.4,24,2020
2021,Indie,2,,72,2020
2021,Music,2,80.0,84,2020
2021,Platform,18,82.22406204906206,1521,2020
2021,Point-and-click,7,85.20138888888889,487,2020
2021,Puzzle,11,84.83482142857143,666,2020
2021,Racing,4,82.94097222222223,318,2020
2021,Real Time Strategy (RTS),1,81.57142857142857,87,2020
2021,Role-playing (RPG),38,83.86026848228215,2292,2020
2021,Shooter,28,79.26049198121567,2632,2020
2021,Simulator,9,80.80267857142857,300,2020
2021,Strategy,1,75.0,64,2020
2022, Adventure,74,80.77020061135447,6964,2020
2022, Arcade,9,81.71071428571429,568,2020
2022, Card & Board Game,3,82.5,170,2020
2022, Hack and slash/Beat 'em up,9,79.92551892551893,992,2020
2022, Indie,48,82.19594017094018,3045,2020
2022, Music,1,86.16666666666667,65,2020
2022, Platform,2,85.41666666666666,135,2020
2022, Puzzle,7,85.16666666666666,278,2020
2022, Role-playing (RPG),13,80.87142857142857,621,2020
2022, Shooter,2,79.78571428571428,57,2020
2022, Simulator,18,81.46809523809523,635,2020
2022, Sport,10,82.35285714285715,300,2020
2022, Strategy,15,82.45370370370371,559,2020
2022, Tactical,7,85.41587301587302,190,2020
2022, Turn-based strategy (TBS),8,82.47222222222221,400,2020
2022, Visual Novel,6,83.95833333333333,243,2020
2022,Adventure,7,80.95285714285714,567,2020
2022,Fighting,4,78.94047619047619,182,2020
2022,Hack and slash/Beat 'em up,3,81.30357142857143,213,2020
2022,Platform,8,84.88645833333334,742,2020
2022,Point-and-click,9,86.42857142857143,375,2020
2022,Puzzle,15,81.12929292929293,799,2020
2022,Racing,4,83.9125,148,2020
2022,Real Time Strategy (RTS),1,78.33333333333333,33,2020
2022,Role-playing (RPG),33,81.42974438755688,3906,2020
2022,Shooter,23,76.82024379129642,1604,2020
2022,Simulator,13,79.36785714285715,677,2020
2022,Sport,1,69.28571428571429,16,2020
2022,Strategy,3,87.83333333333333,135,2020
2022,Tactical,1,80.0,34,2020
2023, Adventure,61,83.1253896103896,5131,2020
2023, Arcade,4,81.93650793650794,182,2020
2023, Hack and slash/Beat 'em up,7,82.16428571428571,541,2020
2023, Indie,33,82.72376543209876,1334,2020
2023, MOBA,1,,26,2020
2023, Platform,3,86.58888888888889,339,2020
2023, Puzzle,8,84.16666666666666,683,2020
2023, Role-playing (RPG),16,78.0486111111111,1181,2020
2023, Shooter,2,80.0,227,2020
2023, Simulator,15,84.26527777777778,618,2020
2023, Sport,4,76.75595238095238,183,2020
2023, Strategy,13,84.38181818181819,1032,2020
2023, Tactical,9,84.75,1194,2020
2023, Turn-based strategy (TBS),8,88.05729166666667,1014,2020
2023, Visual Novel,4,84.08333333333334,156,2020
2023,Adventure,5,80.58412698412698,304,2020
2023,Fighting,6,76.74404761904762,560,2020
2023,Hack and slash/Beat 'em up,1,87.0,163,2020
2023,Indie,1,,113,2020
2023,Music,1,86.16666666666667,119,2020
2023,Platform,8,86.61458333333333,489,2020
2023,Point-and-click,5,83.0,190,2020
2023,Puzzle,6,84.6388888888889,234,2020
2023,Racing,3,78.3888888888889,86,2020
2023,Real Time Strategy (RTS),2,89.25,52,2020
2023,Role-playing (RPG),25,84.5501984126984,2920,2020
2023,Shooter,29,80.368115942029,2466,2020
2023,Simulator,6,74.97142857142858,259,2020
2023,Strategy,1,,26,2020
2024, Adventure,41,80.90147907647908,2178,2020
2024, Card & Board Game,1,91.2,90,2020
2024, Hack and slash/Beat 'em up,4,82.42222222222223,301,2020
2024, Indie,17,81.44945887445887,1025,2020
2024, MOBA,1,,40,2020
2024, Puzzle,2,80.66666666666666,73,2020
2024, Role-playing (RPG),8,64.85416666666667,578,2020
2024, Simulator,2,57.0625,189,2020
2024, Sport,1,75.33333333333333,24,2020
2024, Strategy,9,77.02083333333333,577,2020
2024, Tactical,2,86.8,215,2020
2024, Turn-based strategy (TBS),1,88.5,51,2020
2024,Adventure,8,67.2047619047619,342,2020
2024,Fighting,3,82.1031746031746,187,2020
2024,Platform,5,85.9047619047619,187,2020
2024,Puzzle,3,82.2,127,2020
2024,Role-playing (RPG),21,85.56875,1044,2020
2024,Shooter,15,69.74166666666666,1030,2020
2024,Simulator,7,85.83333333333333,350,2020
2024,Strategy,1,91.2,90,2020
